                  epoch,         train/box_loss,         train/cls_loss,         train/dfl_loss,   metrics/precision(B),      metrics/recall(B),       metrics/mAP50(B),    metrics/mAP50-95(B),           val/box_loss,           val/cls_loss,           val/dfl_loss,                 lr/pg0,                 lr/pg1,                 lr/pg2
                      1,                0.17214,                 1.4647,                0.93614,                0.46893,                 0.5026,                0.39721,                   0.37,                0.24945,                 1.3162,                0.18084,              0.0002773,              0.0002773,              0.0002773
                      2,                0.11674,                 1.1429,                0.89892,                0.50833,                0.54197,                0.50925,                0.50247,                0.13721,                 1.0508,                0.11486,             0.00044509,             0.00044509,             0.00044509
                      3,                0.09395,                 1.0682,                0.89601,                0.44302,                0.67743,                0.58226,                0.57806,                0.16671,                0.94823,                 0.1123,             0.00050291,             0.00050291,             0.00050291
                      4,                0.07232,                0.99384,                0.89115,                0.65309,                0.64071,                0.65225,                 0.6515,                0.11697,                0.77431,                0.08814,              0.0003382,              0.0003382,              0.0003382
                      5,                0.05423,                0.91374,                0.89096,                0.56466,                0.73744,                0.69449,                0.69448,                0.09308,                0.62096,                0.06715,             0.00017326,             0.00017326,             0.00017326
