                  epoch,         train/box_loss,         train/cls_loss,         train/dfl_loss,   metrics/precision(B),      metrics/recall(B),       metrics/mAP50(B),    metrics/mAP50-95(B),           val/box_loss,           val/cls_loss,           val/dfl_loss,                 lr/pg0,                 lr/pg1,                 lr/pg2
                      1,                0.44273,                 2.2969,                 1.1131,                0.30147,                0.65293,                0.25826,                0.19479,                 1.0623,                 1.5457,                0.17423,              0.0002773,              0.0002773,              0.0002773
                      2,                0.16984,                 1.3026,                0.86017,                0.37484,                0.55945,                0.30134,                0.21697,                 1.1189,                 1.4648,                0.12299,             0.00049392,             0.00049392,             0.00049392
                      3,                0.15607,                 1.2677,                0.84484,                0.47107,                0.49653,                0.32384,                0.23793,                 1.1033,                 1.4214,                0.12798,             0.00064946,             0.00064946,             0.00064946
                      4,                0.13848,                 1.2187,                0.83634,                0.51168,                0.51611,                0.40602,                0.32381,                0.95279,                 1.2354,                0.10714,             0.00055811,             0.00055811,             0.00055811
                      5,                0.12727,                 1.1799,                0.83132,                0.42555,                0.49348,                0.37911,                0.29187,                0.98297,                  1.327,                0.11156,             0.00046648,             0.00046648,             0.00046648
                      6,                0.11922,                  1.136,                0.82811,                 0.5234,                0.51317,                0.44788,                 0.3524,                0.95215,                 1.2193,                0.09111,             0.00037485,             0.00037485,             0.00037485
