                  epoch,         train/box_loss,         train/cls_loss,         train/dfl_loss,   metrics/precision(B),      metrics/recall(B),       metrics/mAP50(B),    metrics/mAP50-95(B),           val/box_loss,           val/cls_loss,           val/dfl_loss,                 lr/pg0,                 lr/pg1,                 lr/pg2
                      1,                0.34781,                 2.2418,                 1.0123,                0.28763,                0.78746,                0.25038,                0.23535,                0.30182,                 1.4876,                0.56152,              0.0002773,              0.0002773,              0.0002773
                      2,                0.19158,                 1.3812,                0.92755,                0.49106,                0.50975,                0.32179,                0.31943,                0.18328,                 1.4907,                0.79035,             0.00044509,             0.00044509,             0.00044509
                      3,                0.15911,                 1.2688,                0.91447,                0.52029,                0.58182,                0.46472,                 0.4619,                0.19884,                 1.2831,                0.83396,             0.00050291,             0.00050291,             0.00050291
                      4,                0.13576,                 1.1896,                0.90518,                0.67786,                0.49003,                0.48117,                0.46436,                0.14715,                  1.133,                0.88331,              0.0003382,              0.0003382,              0.0003382
                      5,                0.11488,                 1.1244,                0.90069,                0.71484,                 0.5106,                 0.5445,                0.54284,                0.08991,                0.98179,                0.97606,             0.00017326,             0.00017326,             0.00017326
